{
    "K": [
        [
            3139.0013441043434,
            0.0,
            1545.6609719550318
        ],
        [
            0.0,
            3432.1716181680863,
            1956.7901560536493
        ],
        [
            0.0,
            0.0,
            1.0
        ]
    ],
    "distCoeffs": [
        [
            0.09632586982681611,
            0.22821887323503123,
            -0.021507721156426254,
            0.0020577528616761765,
            -1.5481524614694138
        ]
    ]
}